cohort,lens,verdict,mean excess / yr,"mean excess / yr, drop best",years positive,hit rate %,rounds held,n_eligible (first -> last),n_ranked (first -> last),worst round %,luck % (lower is better),chance pass rate %,drop-best vs random,random_mode
Comms - Interactive Media & Gaming,conservative_plus_v1,not proven,0.4,-10.6,6 of 10,61.0,108 of 108,21 -> 37,14 -> 22,-80.0,35.2,15.2,3.8,turnover
Comms - Interactive Media & Gaming,cyclical_income_v1,not beyond luck,2.1,-9.0,6 of 10,51.0,108 of 108,21 -> 37,17 -> 24,-42.2,26.2,22.2,3.9,turnover
Comms - Interactive Media & Gaming,growth_garp_v2,proven,8.7,-24.0,6 of 10,66.0,103 of 108,21 -> 37,13 -> 14,-27.7,2.4,21.6,-15.2,turnover
Comms - Interactive Media & Gaming,magic_formula_momentum_v1,not proven,3.1,-13.6,4 of 7,67.0,67 of 108,21 -> 37,10 -> 17,-27.7,34.4,22.0,-1.5,turnover
Comms - Interactive Media & Gaming,magic_formula_raw_v1,not beyond luck,2.4,-8.3,6 of 10,51.0,108 of 108,21 -> 37,18 -> 32,-40.9,16.4,15.2,3.0,turnover
Comms - Media & Entertainment,conservative_plus_v1,not proven,-10.2,1.3,2 of 8,29.0,68 of 108,20 -> 30,9 -> 13,-48.2,90.0,15.0,11.6,turnover
Comms - Media & Entertainment,cyclical_income_v1,not proven,-4.4,-13.4,3 of 10,41.0,108 of 108,20 -> 30,15 -> 22,-41.7,61.6,12.0,1.6,turnover
Comms - Media & Entertainment,growth_garp_v2,insufficient,,,0 of 0,,0 of 108,20 -> 30,7 -> 8,,,,,turnover
Comms - Media & Entertainment,magic_formula_momentum_v1,proven,9.3,-9.2,5 of 8,63.0,73 of 108,20 -> 30,6 -> 12,-25.5,5.0,20.0,4.5,turnover
Comms - Media & Entertainment,magic_formula_raw_v1,not proven,-1.0,-13.0,5 of 10,50.0,108 of 108,20 -> 30,19 -> 28,-31.6,46.8,14.4,1.0,turnover
Consumer - Auto Manufacturers,conservative_plus_v1,insufficient,-6.7,,3 of 6,53.0,32 of 108,20 -> 29,8 -> 11,-50.4,78.8,17.4,,turnover
Consumer - Auto Manufacturers,cyclical_income_v1,not proven,2.5,-38.2,3 of 6,55.0,66 of 108,20 -> 29,10 -> 12,-46.5,41.2,30.4,-17.0,turnover
Consumer - Auto Manufacturers,growth_garp_v2,not proven,-14.6,,2 of 8,45.0,64 of 108,20 -> 29,10 -> 9,-53.7,98.4,15.4,,turnover
Consumer - Auto Manufacturers,magic_formula_momentum_v1,not proven,-3.4,-17.2,2 of 9,33.0,83 of 108,20 -> 29,19 -> 17,-42.8,63.4,8.0,-3.8,turnover
Consumer - Auto Manufacturers,magic_formula_raw_v1,not beyond luck,6.2,-14.1,6 of 10,56.0,108 of 108,20 -> 29,19 -> 25,-44.6,13.6,17.6,3.3,turnover
Health - Large Pharma,conservative_plus_v1,insufficient,6.9,,2 of 2,78.0,9 of 108,20 -> 21,6 -> 9,-7.8,3.4,15.4,,turnover
Health - Large Pharma,cyclical_income_v1,not proven,-5.3,-16.5,2 of 10,29.0,108 of 108,20 -> 21,16 -> 15,-36.9,92.6,15.4,-7.2,turnover
Health - Large Pharma,growth_garp_v2,insufficient,,,0 of 0,,0 of 108,20 -> 21,7 -> 4,,,,,turnover
Health - Large Pharma,magic_formula_momentum_v1,not proven,-2.8,-10.6,4 of 10,39.0,108 of 108,20 -> 21,17 -> 14,-39.4,83.4,12.8,-0.5,turnover
Health - Large Pharma,magic_formula_raw_v1,not proven,-1.1,-11.1,5 of 10,46.0,108 of 108,20 -> 21,17 -> 18,-27.1,59.4,9.0,-2.0,turnover
Health - Medical Devices & Instruments,conservative_plus_v1,not proven,0.9,-8.1,4 of 9,49.0,100 of 108,25 -> 40,10 -> 17,-43.7,22.0,8.0,1.7,turnover
Health - Medical Devices & Instruments,cyclical_income_v1,not proven,-1.5,-8.8,4 of 10,37.0,108 of 108,25 -> 40,19 -> 32,-16.7,66.2,16.4,-0.9,turnover
Health - Medical Devices & Instruments,growth_garp_v2,insufficient,,,0 of 0,,0 of 108,25 -> 40,6 -> 8,,,,,turnover
Health - Medical Devices & Instruments,magic_formula_momentum_v1,not proven,-2.2,-10.3,2 of 8,38.0,91 of 108,25 -> 40,4 -> 15,-29.4,78.0,13.0,-0.7,turnover
Health - Medical Devices & Instruments,magic_formula_raw_v1,not proven,2.6,-4.4,5 of 10,38.0,108 of 108,25 -> 40,24 -> 40,-25.2,5.6,7.0,3.0,turnover
Industrials - Airlines & Airports,conservative_plus_v1,insufficient,,,0 of 0,,0 of 108,27 -> 33,9 -> 8,,,,,turnover
Industrials - Airlines & Airports,cyclical_income_v1,not proven,-9.6,,3 of 10,38.0,64 of 108,27 -> 33,14 -> 10,-33.9,98.8,21.0,,turnover
Industrials - Airlines & Airports,growth_garp_v2,insufficient,,,0 of 0,,0 of 108,27 -> 33,8 -> 9,,,,,turnover
Industrials - Airlines & Airports,magic_formula_momentum_v1,not proven,-1.3,-11.7,5 of 10,49.0,100 of 108,27 -> 33,21 -> 16,-36.7,61.8,13.0,-2.6,turnover
Industrials - Airlines & Airports,magic_formula_raw_v1,not proven,-0.2,-6.0,6 of 10,53.0,108 of 108,27 -> 33,21 -> 28,-36.7,44.4,11.0,2.3,turnover
Industrials - Grid & Electrical Machinery,conservative_plus_v1,insufficient,,,0 of 0,,0 of 108,14 -> 20,4 -> 6,,,,,turnover
Industrials - Grid & Electrical Machinery,cyclical_income_v1,insufficient,-33.6,,0 of 2,20.0,15 of 108,14 -> 20,8 -> 11,-75.2,85.8,34.0,,turnover
Industrials - Grid & Electrical Machinery,growth_garp_v2,insufficient,,,0 of 0,,0 of 108,14 -> 20,2 -> 4,,,,,turnover
Industrials - Grid & Electrical Machinery,magic_formula_momentum_v1,insufficient,,,0 of 0,,0 of 108,14 -> 20,2 -> 5,,,,,turnover
Industrials - Grid & Electrical Machinery,magic_formula_raw_v1,proven,6.3,-16.0,7 of 10,64.0,108 of 108,14 -> 20,12 -> 18,-41.7,3.0,20.0,2.5,turnover
Materials - Diversified Mining,conservative_plus_v1,insufficient,-6.0,,2 of 6,50.0,56 of 108,10 -> 21,8 -> 15,-32.8,81.0,26.8,,turnover
Materials - Diversified Mining,cyclical_income_v1,insufficient,-8.5,,2 of 6,38.0,58 of 108,10 -> 21,7 -> 14,-53.5,85.8,19.8,,turnover
Materials - Diversified Mining,growth_garp_v2,insufficient,2.5,,2 of 6,52.0,56 of 108,10 -> 21,7 -> 12,-37.7,29.4,19.8,,turnover
Materials - Diversified Mining,magic_formula_momentum_v1,insufficient,8.2,-0.3,5 of 6,84.0,58 of 108,10 -> 21,9 -> 14,-22.9,9.4,16.2,14.1,turnover
Materials - Diversified Mining,magic_formula_raw_v1,proven,16.0,-5.1,5 of 6,74.0,62 of 108,10 -> 21,9 -> 17,-26.5,1.0,19.6,11.7,turnover
Tech - Hardware,conservative_plus_v1,insufficient,-19.2,,0 of 3,15.0,20 of 108,19 -> 38,6 -> 10,-54.1,93.6,26.6,,turnover
Tech - Hardware,cyclical_income_v1,not proven,-12.4,-36.3,4 of 9,41.0,96 of 108,19 -> 38,10 -> 17,-156.6,93.8,18.4,-4.8,turnover
Tech - Hardware,growth_garp_v2,insufficient,37.7,,1 of 1,100.0,3 of 108,19 -> 38,7 -> 5,23.0,3.8,39.2,,turnover
Tech - Hardware,magic_formula_momentum_v1,not proven,2.4,-12.2,5 of 10,58.0,108 of 108,19 -> 38,18 -> 17,-89.6,34.4,26.0,4.5,turnover
Tech - Hardware,magic_formula_raw_v1,not proven,-1.0,-13.1,6 of 10,51.0,108 of 108,19 -> 38,18 -> 36,-64.2,51.8,17.8,2.7,turnover
Tech - IT Services,conservative_plus_v1,not proven,-4.7,9.6,4 of 8,53.0,75 of 108,24 -> 33,7 -> 11,-65.8,83.8,25.8,20.7,turnover
Tech - IT Services,cyclical_income_v1,not proven,-7.3,-15.1,3 of 10,28.0,108 of 108,24 -> 33,14 -> 22,-51.4,98.6,11.6,-5.2,turnover
Tech - IT Services,growth_garp_v2,insufficient,2.0,,1 of 2,43.0,7 of 108,24 -> 33,6 -> 9,-19.8,29.8,14.8,,turnover
Tech - IT Services,magic_formula_momentum_v1,not proven,-1.8,-6.3,4 of 9,39.0,95 of 108,24 -> 33,3 -> 19,-34.4,62.8,9.6,3.0,turnover
Tech - IT Services,magic_formula_raw_v1,not proven,-1.4,-7.2,4 of 10,50.0,108 of 108,24 -> 33,19 -> 30,-28.9,55.8,10.8,2.4,turnover
Tech - Semiconductor Equipment,conservative_plus_v1,insufficient,,,0 of 0,,0 of 108,9 -> 22,2 -> 3,,,,,turnover
Tech - Semiconductor Equipment,cyclical_income_v1,insufficient,3.7,,2 of 3,75.0,16 of 108,9 -> 22,4 -> 9,-15.0,17.0,17.4,,turnover
Tech - Semiconductor Equipment,growth_garp_v2,insufficient,7.5,,1 of 1,100.0,1 of 108,9 -> 22,2 -> 1,7.5,37.2,45.4,,turnover
Tech - Semiconductor Equipment,magic_formula_momentum_v1,insufficient,-2.5,,1 of 4,36.0,11 of 108,9 -> 22,0 -> 10,-7.7,54.4,21.0,,turnover
Tech - Semiconductor Equipment,magic_formula_raw_v1,insufficient,9.0,-4.3,3 of 5,69.0,54 of 108,9 -> 22,6 -> 17,-19.6,4.8,24.8,9.3,turnover
Tech - Semiconductors,conservative_plus_v1,insufficient,9.0,-9.5,5 of 10,55.0,44 of 108,25 -> 42,11 -> 11,-33.8,14.8,14.4,-2.0,turnover
Tech - Semiconductors,cyclical_income_v1,not beyond luck,4.7,-16.0,7 of 10,61.0,108 of 108,25 -> 42,17 -> 25,-80.1,14.8,19.2,0.8,turnover
Tech - Semiconductors,growth_garp_v2,insufficient,5.7,-16.7,3 of 4,59.0,32 of 108,25 -> 42,9 -> 7,-25.0,30.2,23.2,-1.1,turnover
Tech - Semiconductors,magic_formula_momentum_v1,not proven,-6.8,-21.6,2 of 10,34.0,103 of 108,25 -> 42,22 -> 25,-92.3,91.8,16.8,-5.8,turnover
Tech - Semiconductors,magic_formula_raw_v1,not proven,-7.9,-19.1,4 of 10,31.0,108 of 108,25 -> 42,22 -> 40,-99.8,93.8,15.8,-3.5,turnover
Tech - Systems Software,conservative_plus_v1,not proven,-6.7,-14.3,2 of 9,34.0,89 of 108,19 -> 41,10 -> 27,-80.8,96.4,16.8,1.6,turnover
Tech - Systems Software,cyclical_income_v1,not proven,-2.2,-12.9,4 of 10,45.0,108 of 108,19 -> 41,12 -> 33,-64.0,48.6,16.0,1.0,turnover
Tech - Systems Software,growth_garp_v2,insufficient,,,0 of 0,,0 of 108,19 -> 41,0 -> 2,,,,,turnover
Tech - Systems Software,magic_formula_momentum_v1,not proven,-0.2,-9.8,3 of 9,50.0,94 of 108,19 -> 41,0 -> 7,-15.1,51.4,3.0,0.2,turnover
Tech - Systems Software,magic_formula_raw_v1,not proven,-6.8,-15.4,1 of 10,30.0,108 of 108,19 -> 41,15 -> 33,-42.0,97.6,15.6,-1.9,turnover
